Derwin,Brummitt,1,98512 Pleasure Place,278-902-5838,Mauv
Pasquale,Stocks,2,2 Shelley Street,514-329-1921,Turquoise
Betsy,Beviss,3,895 Stuart Pass,670-791-2934,Orange
Kit,Camus,4,53 Corben Hill,962-444-1761,Goldenrod
Camila,Cone,5,3001 Carpenter Pass,941-372-9957,Red
Torrey,Massy,6,2682 Spenser Street,947-155-0497,Indigo
Cara,Tysall,7,4766 Bluejay Avenue,690-269-7808,Red
Kevan,O'Ruane,8,35 Sage Crossing,308-260-4283,Pink
Mathilde,Yockney,9,35 Morning Crossing,215-337-1214,Crimson
Anson,Arthur,10,6 Birchwood Plaza,838-983-1303,Fuscia
Tatiania,Zanicchi,11,4 4th Place,207-910-5608,Turquoise
Kalie,Pitone,12,8 Autumn Leaf Park,543-377-8383,Pink
Gertrud,Plane,13,64730 Lawn Trail,134-819-5615,Orange
Mariya,Cornfield,14,655 Hoffman Crossing,717-106-2489,Violet
Audry,Beange,15,20712 7th Street,984-321-5921,Maroon
Fifi,Moodie,16,26951 Hauk Road,518-403-4797,Indigo
Danya,Dunston,17,5618 Brown Avenue,428-345-6473,Pink
Karney,Mayston,18,2 Tennessee Trail,291-360-1215,Crimson
Karol,Gerant,19,513 Green Pass,515-326-2002,Fuscia
Susanne,Hexter,20,69 Haas Avenue,761-447-8245,Aquamarine
Arni,Redier,21,47356 Michigan Point,147-928-9511,Aquamarine
Netta,Philip,22,8 Mendota Drive,486-663-3230,Mauv
Delores,De Lacey,23,39643 Maryland Trail,852-917-6288,Orange
Collie,Fiddiman,24,99 Parkside Trail,172-392-7007,Green
Wileen,Bedo,25,1858 Veith Plaza,537-427-9663,Green
Tammy,Wardhaw,26,90 Coolidge Court,363-430-6948,Aquamarine
Gracie,Hrinchenko,27,5 Kropf Park,481-807-3509,Purple
Lauretta,Leuchars,28,285 Express Avenue,969-558-9469,Orange
Mickie,Bilbrooke,29,4890 Miller Center,103-829-4325,Puce
Essa,Hambidge,30,538 Fordem Way,204-700-4004,Pink
Cherin,Zanassi,31,42467 Surrey Parkway,844-989-2216,Violet
Melessa,Glendzer,32,00219 Kropf Avenue,432-135-8369,Pink
Ash,Standidge,33,8332 Longview Road,908-299-1760,Indigo
Alistair,Sargint,34,2 Butterfield Court,996-473-1252,Yellow
Corbet,Billett,35,31684 Corry Parkway,979-568-5153,Mauv
Emilie,Bradtke,36,38827 Sutherland Circle,644-707-9894,Fuscia
Angeline,de Clerk,37,99 Sutherland Point,762-570-3522,Red
Daven,MacKaig,38,63 Darwin Plaza,675-945-0745,Crimson
Ranna,Aubury,39,87 Moulton Junction,861-626-5091,Yellow
Daryl,Kowal,40,689 Ridgeview Crossing,121-476-9188,Red
Bernete,Cogar,41,29941 Scott Alley,121-212-0657,Mauv
Ardyth,Trainor,42,7329 Corry Avenue,884-636-2166,Orange
Ranee,Trussler,43,193 Victoria Terrace,423-852-3519,Green
Marcy,Gyurko,44,0 Mitchell Center,390-923-8031,Goldenrod
Brandyn,Messruther,45,802 Forest Dale Park,866-147-0980,Teal
Selena,Lechelle,46,718 Oak Crossing,681-978-5332,Red
Willard,Mabbett,47,98 Sachtjen Lane,446-878-1655,Purple
Rozamond,Pumphreys,48,0868 Spohn Junction,633-540-3216,Green
Jodie,Chaney,49,322 Glendale Point,384-479-2432,Blue
Constantino,Francecione,50,6 Clemons Pass,576-872-4387,Goldenrod
Ava,Lafoy,51,166 Myrtle Trail,602-145-7227,Puce
Symon,McNaughton,52,8 Mosinee Lane,865-621-9606,Maroon
Lenka,Pottell,53,28707 Drewry Pass,936-986-6479,Yellow
Cathie,Grimditch,54,93401 Linden Drive,372-143-7808,Turquoise
Ulrica,de Amaya,55,48555 Orin Court,614-829-9868,Turquoise
Lorrie,Heathwood,56,6 8th Road,462-184-4951,Puce
Jyoti,Tumioto,57,301 Chive Court,814-377-2704,Violet
Davide,Lally,58,64545 Ohio Drive,347-202-6725,Violet
Esteban,D'Oyley,59,4 Pennsylvania Street,801-837-7797,Maroon
Quentin,Quittonden,60,52370 Kinsman Pass,627-211-0130,Teal
Ranna,Fronsek,61,37 Macpherson Drive,564-798-5361,Puce
Alonzo,Riggert,62,0238 Shasta Alley,308-498-4060,Maroon
Kacy,Breach,63,3722 Roxbury Point,732-126-5323,Pink
Manny,Courtman,64,67098 Menomonie Road,828-907-4538,Khaki
Nissa,Frame,65,63507 Haas Place,859-369-7399,Yellow
Melosa,Pesak,66,74 Moose Road,381-280-1063,Aquamarine
Gael,Lipsett,67,958 Hauk Drive,821-118-5349,Aquamarine
Rey,Broseman,68,98099 Anthes Street,267-820-1042,Teal
Kiele,Skeffington,69,99637 Fairfield Parkway,727-555-1912,Orange
Ruby,Pooke,70,51080 Leroy Lane,515-299-1024,Indigo
Janel,Paulet,71,7115 Nevada Hill,143-358-9129,Khaki
Jeanelle,Mallen,72,5280 Stuart Trail,194-129-1994,Green
Haily,Francke,73,67 Menomonie Drive,205-583-7221,Crimson
Quincey,Moseby,74,3717 Prairie Rose Place,487-929-4770,Green
Asher,Llewellyn,75,604 Union Road,790-865-4681,Puce
Zacharias,Strathern,76,761 Summer Ridge Center,245-669-8061,Goldenrod
Monika,Tilliards,77,64239 Tennyson Road,747-334-8204,Khaki
Dennison,Yielding,78,63 4th Point,199-493-5402,Green
Morganica,Filippazzo,79,7 Fuller Park,644-834-0528,Pink
Jennine,Farnes,80,9107 Mockingbird Place,985-839-8604,Goldenrod
Conchita,Schapiro,81,3690 Sugar Road,892-942-8519,Fuscia
Elliott,Bullman,82,6 Sloan Junction,218-830-3726,Mauv
Welby,Gershom,83,7 Calypso Junction,471-841-4108,Maroon
Robena,Noad,84,2 New Castle Point,241-866-0471,Violet
Mareah,Gunningham,85,454 Beilfuss Drive,700-532-1115,Khaki
Wolf,Nuzzetti,86,261 Golf View Way,888-560-8254,Indigo
Bradford,Gregoli,87,07638 Manufacturers Place,191-534-8835,Blue
Paulie,Rosevear,88,1 Scoville Trail,748-584-7854,Pink
Leeann,Frith,89,6 Grover Avenue,225-905-0097,Mauv
Price,Pietrzak,90,0004 Carey Parkway,586-262-9326,Teal
Tynan,Baine,91,1677 Carioca Crossing,507-155-3938,Yellow
Barbette,Oldcroft,92,0 Starling Center,390-815-6619,Purple
August,O'Hogertie,93,4519 Rockefeller Way,805-511-1040,Indigo
Moreen,Squirrell,94,2 Brickson Park Alley,202-667-5013,Blue
Nannette,Dohrmann,95,582 Thierer Park,711-439-0381,Yellow
Ronalda,Towlson,96,26773 Corscot Way,294-808-8860,Yellow
Murdock,Spread,97,93 Myrtle Place,347-468-6825,Purple
Isidora,Skillett,98,06 David Place,278-199-2452,Puce
Say,Lambin,99,2600 Kennedy Lane,834-628-3369,Crimson
Hube,Greenhough,100,767 6th Center,207-996-7471,Orange
