Yogurt - Cherry 175 Gr,S,160400,justo eu massa donec dapibus duis at velit eu,Rank,Hatity
Appetizer - Lobster Phyllo Roll,XS,74995,lobortis est phasellus sit amet erat nulla,Veribet,Asoka
Steampan - Half Size Shallow,XS,121847,at nunc commodo placerat praesent blandit,Tempsoft,Tin
Tomatoes - Heirloom,2XL,115740,dui proin leo odio porttitor id consequat in,Konklab,Prodder
Pork Salted Bellies,2XL,4627,tincidunt eget tempus vel pede,Fixflex,Tres-Zap
Soup - Campbells Pasta Fagioli,S,197718,convallis tortor risus dapibus augue vel accumsan,Bitchip,Zoolab
Sugar - Crumb,3XL,118597,dolor morbi vel,Trippledex,Tin
Soup Campbells - Italian Wedding,XL,13314,ipsum praesent blandit lacinia erat vestibulum sed magna,Voltsillam,Solarbreeze
Chocolate Bar - Oh Henry,L,94387,at nunc commodo placerat praesent blandit nam nulla integer pede,Lotstring,Sub-Ex
Pork - Backs - Boneless,XL,170116,morbi a ipsum integer,Overhold,Ronstring
