Nombre Producto;Numero de veces Ordenado
Toamtoes 6x7 Select;0
Bread - Hamburger Buns;0
Ice Cream - Vanilla;0
Wine - Ruffino Chianti;0
Cheese - Brie,danish;0
Huck Towels White;0
Wine - Redchard Merritt;0
Olives - Morracan Dired;0
Irish Cream - Butterscotch;0
Energy Drink - Franks Original;0
Ecolab - Solid Fusion;0
Pork - Loin, Bone - In;0
Mix - Cappucino Cocktail;0
Goldschalger;0
Lettuce - Romaine;0
Tuna - Bluefin;0
Veal - Inside;0
Salt - Seasoned;0
Tart Shells - Sweet, 4;0
Pernod;0
Chef Hat 25cm;0
Easy Off Oven Cleaner;0
Jack Daniels;0
Pasta - Fusili, Dry;0
Mangoes;0
Tuna - Fresh;0
Flavouring Vanilla Artificial;0
Bag Stand;0
Yogurt - Blueberry, 175 Gr;0
Juice - Orange, 341 Ml;0
Food Colouring - Green;0
Scrubbie - Scotchbrite Hand Pad;0
Capers - Ox Eye Daisy;0
Fondant - Icing;0
Wine - Cabernet Sauvignon;0
Sprouts - Alfalfa;0
Yogurt - Plain;0
Clam Nectar;0
Duck - Legs;0
Tomatoes - Vine Ripe, Red;0
Soup - Base Broth Beef;0
Napkin - Beverge, White 2 - Ply;0
Extract - Lemon;0
Sun - Dried Tomatoes;0
Mushroom - Shitake, Fresh;0
Snapple Raspberry Tea;0
Container - Clear 16 Oz;0
Creamers - 10%;0
Lobster - Tail 6 Oz;0
Pasta - Detalini, White, Fresh;0
Vanilla Beans;0
Chips Potato Swt Chilli Sour;0
Pork - Bacon,back Peameal;0
Cabbage - Savoy;0
Rum - Cream, Amarula;0
Muffin - Zero Transfat;0
Gherkin - Sour;0
Oil - Truffle, White;0
Crab - Soft Shell;0
Soup - Knorr, Ministrone;0
Shrimp - 100 / 200 Cold Water;0
Wine - Cave Springs Dry Riesling;0
Wine - Magnotta - Pinot Gris Sr;0
Cheese - Mozzarella, Shredded;0
Coffee - Flavoured;0
Dried Cranberries;0
Chicken Giblets;0
Soup - French Onion, Dry;0
Oxtail - Cut;0
Mints - Striped Red;0
Bagelers;0
Apples - Sliced / Wedge;0
Cheese - Feta;0
Milk Powder;0
Rice Paper;0
Pepper - Chilli Seeds Mild;0
Salt - Table;0
Pastrami;0
Roe - Flying Fish;0
Extract - Lemon;0
Coffee - Egg Nog Capuccino;0
Isomalt;0
Pesto - Primerba, Paste;0
Red Pepper Paste;0
Bread - Bistro White;0
Chips - Doritos;0
Soap - Hand Soap;0
Wine - Red, Gamay Noir;0
Tart Shells - Sweet, 3;0
Lemonade - Kiwi, 591 Ml;0
Puree - Kiwi;0
Chocolate - Milk, Callets;0
Nut - Almond, Blanched, Ground;0
Cheese - Parmesan Cubes;0
Veal - Shank, Pieces;0
Wine - Prosecco Valdobiaddene;0
Beef - Ground Lean Fresh;0
Veal - Heart;0
Wine - Red, Cabernet Sauvignon;0
Sorrel - Fresh;0
Chocolate - Dark Callets;0
Tea - Herbal - 6 Asst;0
Onion Powder;0
Wine - Sauvignon Blanc;0
Shrimp, Dried, Small / Lb;0
Wine - Masi Valpolocell;0
Beer - Mcauslan Apricot;0
Coconut - Creamed, Pure;0
Rum - Cream, Amarula;0
Cheese - Victor Et Berthold;0
Cheese - Gouda;0
Cream Of Tartar;0
Aspic - Clear;0
Greens Mustard;0
Clam - Cherrystone;0
Beans - Black Bean, Canned;0
Gingerale - Schweppes, 355 Ml;0
Haggis;0
Chicken Breast Wing On;0
Coriander - Ground;0
Coffee - Decaffeinato Coffee;0
Chocolate - Liqueur Cups With Foil;0
Beef - Baby, Liver;0
Honey - Liquid;0
Cookies - Fortune;0
Oil - Truffle, White;0
Mustard - Individual Pkg;0
Crush - Grape, 355 Ml;0
Grapes - Black;0
Kiwano;0
Pepper - Jalapeno;0
Lemon Tarts;0
Celery Root;0
Chocolate - Dark Callets;0
Rye Special Old;0
Bread - Roll, Italian;0
Kale - Red;0
Lamb Leg - Bone - In Nz;0
Ham - Cooked;0
Lamb - Leg, Boneless;0
Squash - Pattypan, Yellow;0
Milk - Chocolate 500ml;0
Milk - 2%;0
Foil - 4oz Custard Cup;0
Cheese - Mozzarella, Buffalo;0
Ham - Smoked, Bone - In;0
Crackers - Graham;0
Crab - Soft Shell;0
Wine - Shiraz Wolf Blass Premium;0
Wine - Red, Colio Cabernet;0
Pepper - Cubanelle;0
Beef Ground Medium;0
Foam Dinner Plate;0
Table Cloth 53x53 White;0
Sauce - Oyster;0
Relish;0
Campari;0
Beans - Navy, Dry;0
Rosemary - Primerba, Paste;0
Wine - Chateau Bonnet;0
Garam Masala Powder;0
Island Oasis - Cappucino Mix;0
Sponge Cake Mix - Vanilla;0
Peas Snow;0
Extract - Vanilla,artificial;0
Sprite - 355 Ml;0
Coffee - 10oz Cup 92961;0
Soup - Campbells Bean Medley;0
Beef - Striploin Aa;0
Lamb - Pieces, Diced;0
Longos - Burritos;0
Pail For Lid 1537;0
Beef - Chuck, Boneless;0
Lettuce - Green Leaf;0
Stock - Beef, Brown;0
Chicken - White Meat With Tender;0
Nantucket Pine Orangebanana;0
Coffee Cup 16oz Foam;0
Cheese - Parmigiano Reggiano;0
Pumpkin;0
Vacuum Bags 12x16;0
Sauce - Apple, Unsweetened;0
Wine - Ice Wine;0
Wine - Sogrape Mateus Rose;0
Crab - Dungeness, Whole, live;0
Cheese - Victor Et Berthold;0
Wine - Prosecco Valdobienne;0
Rum - Light, Captain Morgan;0
Nut - Almond, Blanched, Whole;0
Lamb - Leg, Diced;0
Water - Mineral, Carbonated;0
Cheese - Victor Et Berthold;0
Lettuce - Romaine, Heart;0
Kellogs All Bran Bars;0
Jack Daniels;0
Ginsing - Fresh;0
Wine - Mas Chicet Rose, Vintage;0
Cardamon Seed / Pod;0
Wine - Black Tower Qr;0
Wine - Riesling Alsace Ac 2001;0
Chocolate - Compound Coating;0
Salmon - Canned;0
Clams - Canned;0
Dc - Frozen Momji;0
Raspberries - Frozen;0
Tomato - Peeled Italian Canned;0
Vinegar - Raspberry;0
Pork - Sausage Casing;0
Coke - Diet, 355 Ml;0
Lobster - Live;0
Veal - Brisket, Provimi, Bone - In;0
Clam - Cherrystone;0
Ecolab - Orange Frc, Cleaner;0
Beef - Ground, Extra Lean, Fresh;0
Energy Drink;0
Sauce - Bernaise, Mix;0
Sauce - Bernaise, Mix;0
Tray - 16in Rnd Blk;0
Doilies - 12, Paper;0
Bread Base - Toscano;0
Sauce - Bernaise, Mix;0
The Pop Shoppe - Cream Soda;0
Salad Dressing;0
Bread - Bistro White;0
Wine - White, Antinore Orvieto;0
Pepper - Paprika, Hungarian;0
Pears - Bartlett;0
Goat - Leg;0
Jerusalem Artichoke;0
Ginger - Pickled;0
Miso - Soy Bean Paste;0
Alize Sunset;0
Oil - Macadamia;0
Sole - Dover, Whole, Fresh;0
Venison - Striploin;0
Pork - Back Ribs;0
Orange Roughy 4/6 Oz;0
Bread Sour Rolls;0
Table Cloth 90x90 Colour;0
Lobster - Tail 6 Oz;0
Dried Cranberries;0
Quail - Jumbo Boneless;0
Parsnip;0
Bagel - Everything;0
Sauce - Oyster;0
Sausage - Breakfast;0
Onions - Cippolini;0
Mushroom - Porcini Frozen;0
Bread - Pumpernickel;0
Fennel - Seeds;0
Canada Dry;0
Sardines;0
Gin - Gilbeys London, Dry;0
Yeast - Fresh, Fleischman;0
Quinoa;0
Sage - Ground;0
Salt - Rock, Course;0
Bulgar;0
Coffee - 10oz Cup 92961;0
Pork - Inside;0
Lamb - Shanks;0
Wine - Chateau Bonnet;0
Rabbit - Legs;0
Fish - Artic Char, Cold Smoked;0
Lamb Tenderloin Nz Fr;0
Lamb - Shanks;0
Shrimp, Dried, Small / Lb;0
Liquid Aminios Acid - Braggs;0
Noodles - Steamed Chow Mein;0
Steampan - Foil;0
Steel Wool;0
Wine - Rhine Riesling Wolf Blass;0
Beer - Maudite;0
Olives - Nicoise;0
Chocolate Liqueur - Godet White;0
Syrup - Chocolate;0
Wooden Mop Handle;0
Snails - Large Canned;0
Pie Shell - 9;0
Liquid Aminios Acid - Braggs;0
Flour - Masa De Harina Mexican;0
Wine - White, Pelee Island;0
Mustard - Dry, Powder;0
Watercress;0
Beer - Mill St Organic;0
Oregano - Fresh;0
Coffee - Beans, Whole;0
Syrup - Monin, Swiss Choclate;0
Chambord Royal;0
Coffee - Beans, Whole;0
Pasta - Fusili, Dry;0
Tuna - Bluefin;0
Bar - Sweet And Salty Chocolate;0
Soup - Campbells Mac N Cheese;0
Beans - Green;0
Garbag Bags - Black;0
Tomato Puree;0
Duck - Whole;0
Apple - Northern Spy;0
Lid Coffee Cup 8oz Blk;0
Lettuce - Spring Mix;0
Veal - Ground;0
Cranberry Foccacia;0
Lettuce - Treviso;0
Bacardi Limon;0
Cookie Dough - Chocolate Chip;0
Mushroom - Porcini Frozen;0
Split Peas - Yellow, Dry;0
Sambuca - Opal Nera;0
Rambutan;0
Beans - Butter Lrg Lima;0
Coconut Milk - Unsweetened;0
Vermacelli - Sprinkles, Assorted;0
Numi - Assorted Teas;0
Salmon - Canned;0
Wine - Penfolds Koonuga Hill;0
Stock - Veal, Brown;0
Oil - Cooking Spray;0
Puree - Pear;0
Rosemary - Primerba, Paste;0
Salt - Celery;0
Smoked Tongue;0
Ham - Black Forest;0
Coffee - Espresso;0
Vaccum Bag - 14x20;0
Orange Roughy 6/8 Oz;0
Nut - Almond, Blanched, Whole;0
Food Colouring - Red;0
Pastry - Baked Scones - Mini;0
Radish;0
Everfresh Products;0
Cheese - Brie;0
Shrimp - 150 - 250;0
Rice - Brown;0
Salt And Pepper Mix - Black;0
Wine - Champagne Brut Veuve;0
Veal - Ground;0
Appetiser - Bought;0
Wine - Saint Emilion Calvet;0
Pie Shells 10;0
Wine - White, Cooking;0
Apple - Northern Spy;0
Marsala - Sperone, Fine, D.o.c.;0
Bread - Wheat Baguette;0
Cocoa Powder - Natural;0
Pork - Belly Fresh;0
Apple - Macintosh;0
Vermacelli - Sprinkles, Assorted;0
Chinese Foods - Chicken;0
Sauce - Black Current, Dry Mix;0
Hagen Daza - Dk Choocolate;0
Chinese Foods - Plain Fried Rice;0
Crackers - Water;0
Coffee Cup 8oz 5338cd;0
Carrots - Jumbo;0
Plasticknivesblack;0
Clam Nectar;0
Coffee Guatemala Dark;0
Juice - V8 Splash;0
Tea - Herbal I Love Lemon;0
Mushroom - Portebello;0
Sausage - Blood Pudding;0
Beans - Navy, Dry;0
Vinegar - Sherry;0
Beans - Green;0
Bacon Strip Precooked;0
Wine - Valpolicella Masi;0
Sauce - Fish 25 Ozf Bottle;0
Wine - Sicilia Igt Nero Avola;0
Bread - Wheat Baguette;0
Wine - Riesling Alsace Ac 2001;0
Dr. Pepper - 355ml;0
Oil - Sunflower;0
Lemonade - Kiwi, 591 Ml;0
Jack Daniels;0
Beans - Yellow;0
Steel Wool;0
Chambord Royal;0
Pernod;0
Garbag Bags - Black;0
Nantucket - Kiwi Berry Cktl.;0
Sour Puss Raspberry;0
Wine - Alsace Gewurztraminer;0
Sprouts - Brussel;0
Grapes - Black;0
Wine - Soave Folonari;0
Beer - Camerons Cream Ale;0
Maple Syrup;0
Energy Drink;0
Carrots - Mini Red Organic;0
Shrimp - Baby, Warm Water;0
Tarts Assorted;0
Pineapple - Canned, Rings;0
Glaze - Apricot;0
Peppercorns - Green;0
Bananas;0
Wakami Seaweed;0
Calaloo;0
Nori Sea Weed - Gold Label;0
Cookies Almond Hazelnut;0
Energy Drink Red Bull;0
Snails - Large Canned;0
Cheese - Mozzarella;0
Chocolate - Mi - Amere Semi;0
Okra;0
Bread - Rolls, Corn;0
Sugar - Crumb;0
Wine - Red, Mouton Cadet;0
Nacho Chips;0
Paper Cocktail Umberlla 80 - 180;0
Cake Circle, Foil, Scallop;0
Squash - Sunburst;0
Cake - Dulce De Leche;0
Butter - Pod;0
Wine - Red, Black Opal Shiraz;0
Rabbit - Frozen;0
Pastry - Chocolate Marble Tea;0
Wine - Gato Negro Cabernet;0
Pepper - Scotch Bonnet;0
Beets - Pickled;0
Green Scrubbie Pad H.duty;0
Cookie Chocolate Chip With;0
Muffin Hinge - 211n;0
Venison - Racks Frenched;0
Ham - Virginia;0
Cookies - Englishbay Chochip;0
Bread - White Mini Epi;0
Veal - Heart;0
Chef Hat 25cm;0
Versatainer Nc - 9388;0
Oil - Safflower;0
Turnip - White;0
Bagel - Whole White Sesame;0
Fish - Bones;0
Gelatine Leaves - Bulk;0
Wasabi Powder;0
Bread - Olive Dinner Roll;0
Tomatoes - Cherry;0
Quail - Whole, Boneless;0
Soupcontfoam16oz 116con;0
Turkey Tenderloin Frozen;0
Olives - Nicoise;0
Table Cloth 62x120 White;0
Chestnuts - Whole,canned;0
Cornflakes;0
Pork - Smoked Kassler;0
Coffee Guatemala Dark;0
Bagel - Ched Chs Presliced;0
Muffin - Mix - Bran And Maple 15l;0
Tea - Lemon Scented;0
Extract Vanilla Pure;0
Pasta - Rotini, Dry;0
Cookies Cereal Nut;0
Tea Peppermint;0
Chips Potato All Dressed - 43g;0
Chicken Breast Halal;0
Calypso - Pineapple Passion;0
Cheese - Romano, Grated;0
Coffee - Almond Amaretto;0
Puree - Strawberry;0
Long Island Ice Tea;0
Pasta - Canelloni, Single Serve;0
Barley - Pearl;0
Ham - Cooked Bayonne Tinned;0
Wine - Two Oceans Cabernet;0
Pork - Tenderloin, Fresh;0
Waffle Stix;0
Table Cloth 91x91 Colour;0
Horseradish Root;0
Wine - White Cab Sauv.on;0
Bagel - Everything Presliced;0
Chicken - Soup Base;0
Myers Planters Punch;0
Soup - Boston Clam Chowder;0
Juice - Ocean Spray Cranberry;0
Dasheen;0
V8 - Berry Blend;0
Soup - Campbells - Tomato;0
Sesame Seed;0
Pepper - White, Whole;0
Wine - Chianti Classico Riserva;0
Nectarines;0
Bacardi Breezer - Strawberry;0
Mousse - Banana Chocolate;0
Jameson Irish Whiskey;0
Wine - Guy Sage Touraine;0
French Pastries;0
Orange - Blood;0
Soap - Pine Sol Floor Cleaner;0
Bananas;0
Beer - Sleemans Honey Brown;0
Beef - Inside Round;0
Sobe - Berry Energy;0
Mushroom - King Eryingii;0
Pasta - Lasagna, Dry;0
Wine - Puligny Montrachet A.;0
Beer - Steamwhistle;0
Quail - Jumbo;0
Ham - Procutinni;0
Chinese Foods - Plain Fried Rice;0
Chives - Fresh;0
Yogurt - Assorted Pack;0
Wine - Mas Chicet Rose, Vintage;0
Banana;0
Bread - Italian Sesame Poly;0
Baking Soda;0
Devonshire Cream;0
Pate Pans Yellow;0
Wine - Mondavi Coastal Private;0
Beef - Sushi Flat Iron Steak;0
Parasol Pick Stir Stick;0
Bread - Burger;0
Mace;0
Tequila - Sauza Silver;0
Kahlua;0
Mop Head - Cotton, 24 Oz;0
Sauce - Hoisin;0
Otomegusa Dashi Konbu;0
Banana Turning;0
Squid - U - 10 Thailand;0
Lamb - Shoulder, Boneless;0
Spice - Onion Powder Granulated;0
Juice - Mango;0
Beef - Rib Roast, Capless;0
Bananas;0
Wine - Delicato Merlot;0
Plaintain;0
Brandy Apricot;0
Cotton Wet Mop 16 Oz;0
Cafe Royale;0
Avocado;0
Pepper - Black, Whole;0
Cheese - Cambozola;0
Pasta - Orzo, Dry;0
Apple - Royal Gala;0
Toothpick Frilled;0
Coffee - Cafe Moreno;0
Jam - Raspberry,jar;0
Remy Red;0
Bread - White, Sliced;0
Water - Spring Water, 355 Ml;0
Veal - Inside;0
Icecream - Dibs;0
Water - Tonic;0
Nestea - Iced Tea;0
Lettuce - Green Leaf;0
Sauerkraut;0
Banana - Leaves;0
Tomatoes Tear Drop;0
Tomatoes - Roma;0
Ginger - Ground;0
Coffee - Decaffeinato Coffee;0
Muffin Batt - Blueberry Passion;0
Beans - Soya Bean;0
Pork - Chop, Frenched;0
Garlic;0
Foam Dinner Plate;0
Tea - Herbal Sweet Dreams;0
Bread - Frozen Basket Variety;0
Mustard - Seed;0
Irish Cream - Baileys;0
Lemon Pepper;0
Ecolab Crystal Fusion;0
Bread - Italian Corn Meal Poly;0
Syrup - Pancake;0
Almonds Ground Blanched;0
Pie Shell - 9;0
Flour - Rye;0
Compound - Raspberry;0
Appetizer - Smoked Salmon / Dill;0
Cheese Cloth;0
Chips - Assorted;0
Vinegar - Rice;0
Soho Lychee Liqueur;0
Cornflakes;0
Yoplait - Strawbrasp Peac;0
Energy Drink;0
Miso - Soy Bean Paste;0
Ketchup - Tomato;0
Foam Espresso Cup Plain White;0
Lettuce - Belgian Endive;0
Flour - Bran, Red;0
Wine - Muscadet Sur Lie;0
Energy Drink - Franks Original;0
Cheese - Brie;0
Bandage - Finger Cots;0
Versatainer Nc - 8288;0
Turkey - Breast, Bone - In;0
Wine - Taylors Reserve;0
Flour - Semolina;0
Mix - Cappucino Cocktail;0
Lettuce - Lambs Mash;0
Cheese - Victor Et Berthold;0
Flour - Chickpea;0
Dried Cranberries;0
Pasta - Fusili Tri - Coloured;0
Lettuce - Red Leaf;0
Table Cloth 54x72 White;0
Versatainer Nc - 888;0
Tortillas - Flour, 10;0
Cheese - Havarti, Roasted Garlic;0
Crush - Cream Soda;0
Broom - Corn;0
Coffee - Hazelnut Cream;0
Wine - Pinot Noir Mondavi Coastal;0
Red Cod Fillets - 225g;0
Tart Shells - Barquettes, Savory;0
Bar Nature Valley;0
Oil - Truffle, Black;0
Pork Loin Cutlets;0
Butter - Salted;0
Petit Baguette;0
Wine - Chenin Blanc K.w.v.;0
Cardamon Ground;0
Beef - Cooked, Corned;0
Transfer Sheets;0
Cocoa Powder - Natural;0
Lettuce - Escarole;0
Towels - Paper / Kraft;0
Nut - Macadamia;0
Bread - Bistro White;0
Cheese - Cream Cheese;0
Duck - Whole;0
Lobster - Canned Premium;0
Teriyaki Sauce;0
Veal - Loin;0
Swiss Chard - Red;0
Wine - Cousino Macul Antiguas;0
Soup - Campbells Beef Strogonoff;0
Creme De Cacao Mcguines;0
Iced Tea Concentrate;0
Mushroom - Porcini Frozen;0
Lychee - Canned;0
Mushroom - Enoki, Dry;0
Squash - Sunburst;0
Cherries - Fresh;0
Cheese - Romano, Grated;0
Spice - Pepper Portions;0
Lemonade - Pineapple Passion;0
Spice - Paprika;0
Onions - Spanish;0
Juice Peach Nectar;0
Carbonated Water - Wildberry;0
Broom And Brush Rack Black;0
Rice Paper;0
Pepper - Chili Powder;0
Iced Tea - Lemon, 460 Ml;0
Sugar - Palm;0
Cream - 18%;0
Juice - Tomato, 48 Oz;0
Kellogs Special K Cereal;0
Flower - Commercial Spider;0
Sugar - Individual Portions;0
Tea - English Breakfast;0
Cup - Paper 10oz 92959;0
Bagelers;0
Tandoori Curry Paste;0
Horseradish - Prepared;0
Water - Evian 355 Ml;0
Green Tea Refresher;0
Wine - White, Chardonnay;0
Lamb - Whole, Frozen;0
Lemonade - Black Cherry, 591 Ml;0
Cream - 10%;0
Tomatoes Tear Drop Yellow;0
Fish - Soup Base, Bouillon;0
Flavouring - Raspberry;0
Ecolab - Hand Soap Form Antibac;0
Juice - Orange, Concentrate;0
Transfer Sheets;0
Jam - Marmalade, Orange;0
Veal - Nuckle;0
Plastic Arrow Stir Stick;0
Cocoa Feuilletine;0
Straw - Regular;0
Sobe - Green Tea;0
Alize Red Passion;0
Croissants Thaw And Serve;0
Dish Towel;0
Roe - Lump Fish, Black;0
Milk 2% 500 Ml;0
Juice - Ocean Spray Cranberry;0
Icecream Cone - Areo Chocolate;0
Yoplait - Strawbrasp Peac;0
Star Fruit;0
Fenngreek Seed;0
Wine - Semi Dry Riesling Vineland;0
Peas - Frozen;0
Cup - 8oz Coffee Perforated;0
Black Currants;0
Corn Kernels - Frozen;0
Aspic - Light;0
Container - Clear 16 Oz;0
Table Cloth 54x54 Colour;0
Tamarillo;0
Chip - Potato Dill Pickle;0
Ginger - Ground;0
Cake - Box Window 10x10x2.5;0
Bar - Granola Trail Mix Fruit Nut;0
Ostrich - Prime Cut;0
Sauce - Sesame Thai Dressing;0
Calaloo;0
V8 Pet;0
Pastry - Chocolate Chip Muffin;0
Beef - Ground Lean Fresh;0
Chicken - White Meat, No Tender;0
Longos - Chicken Caeser Salad;0
Iced Tea Concentrate;0
Wine - Stoneliegh Sauvignon;0
Chicken - Tenderloin;0
Fish - Atlantic Salmon, Cold;0
Table Cloth 54x54 White;0
Jameson Irish Whiskey;0
Yogurt - Raspberry, 175 Gr;0
Dragon Fruit;0
Beer - Molson Excel;0
Bread - Olive;0
Coffee - Espresso;0
Cherries - Fresh;0
Lemon Pepper;0
Garbag Bags - Black;0
Napkin - Beverage 1 Ply;0
Lamb Shoulder Boneless Nz;0
Sugar - Invert;0
Buffalo - Tenderloin;0
Garlic Powder;0
Tea Peppermint;0
Ecolab - Balanced Fusion;0
Spice - Peppercorn Melange;0
Jicama;0
Flounder - Fresh;0
Apple - Granny Smith;0
Puree - Mango;0
Soup Campbells;0
Cake - Miini Cheesecake Cherry;0
Mushroom - White Button;0
Corn Syrup;0
Chicken Breast Wing On;0
Sauce - Balsamic Viniagrette;0
Beef - Tenderlion, Center Cut;0
Cheese - Roquefort Pappillon;0
Salmon - Atlantic, No Skin;0
Chocolate - Semi Sweet;0
Pork - Shoulder;0
Bread - Italian Roll With Herbs;0
Nescafe - Frothy French Vanilla;0
Wine - Chianti Classica Docg;0
Wiberg Cure;0
Bread Sour Rolls;0
Scallops - 20/30;0
Longos - Grilled Chicken With;0
Garlic - Elephant;0
Pepper - Cubanelle;0
Muffin Chocolate Individual Wrap;0
Bread - Pita;0
Beans - Black Bean, Preserved;0
Wine - Chateauneuf Du Pape;0
Soda Water - Club Soda, 355 Ml;0
Cookie Dough - Chunky;0
Wine - Saint - Bris 2002, Sauv;0
Trout - Rainbow, Fresh;0
Peppercorns - Pink;0
Tomatoes - Hot House;0
Seedlings - Mix, Organic;0
Beans - Kidney, Red Dry;0
Scallops - 10/20;0
Butter - Unsalted;0
Durian Fruit;0
Muffin Hinge 117n;0
Tea - Herbal Orange Spice;0
Butter - Salted;0
Curry Paste - Green Masala;0
Bread - Corn Muffaletta;0
Carbonated Water - Wildberry;0
Potatoes - Yukon Gold, 80 Ct;0
Soup Campbells Split Pea And Ham;0
Foil - Round Foil;0
Appetizer - Mango Chevre;0
Glaze - Apricot;0
Uniform Linen Charge;0
Muffin Mix - Banana Nut;0
Squash - Pattypan, Yellow;0
Brocolinni - Gaylan, Chinese;0
Mountain Dew;0
Nescafe - Frothy French Vanilla;0
Bread - Pumpernickel;0
Shrimp - 16/20, Peeled Deviened;0
Pasta - Lasagna, Dry;0
Cake - Cake Sheet Macaroon;0
Danishes - Mini Raspberry;0
Muffin - Zero Transfat;0
Tamarillo;0
Appetizer - Asian Shrimp Roll;0
Island Oasis - Ice Cream Mix;0
Pumpkin - Seed;0
Vermouth - White, Cinzano;0
Syrup - Monin, Amaretta;0
Wonton Wrappers;0
Hot Chocolate - Individual;0
Kippers - Smoked;0
Sword Pick Asst;0
Cucumber - English;0
Cheese - Manchego, Spanish;0
Butcher Twine 4r;0
Huck Towels White;0
Tumeric;0
Pineapple - Golden;0
Lamb - Whole, Fresh;0
Chervil - Fresh;0
Rabbit - Frozen;0
Ice Cream - Chocolate;0
Wine - Barossa Valley Estate;0
Marjoram - Fresh;0
Cheese - Goat With Herbs;0
Beef Cheek Fresh;0
Lamb - Shoulder, Boneless;0
Wine - Trimbach Pinot Blanc;0
Lamb - Shoulder, Boneless;0
Artichoke - Bottom, Canned;0
Pepper - Cayenne;0
Wine - Magnotta - Bel Paese White;0
Spice - Montreal Steak Spice;0
Coffee - 10oz Cup 92961;0
Soup - Campbells, Lentil;0
Nantucket Orange Juice;0
Wine - Sogrape Mateus Rose;0
Banana - Green;0
Scallops - 10/20;0
Pasta - Bauletti, Chicken White;0
Wine - Touraine Azay - Le - Rideau;0
Tart Shells - Barquettes, Savory;0
Wine - Spumante Bambino White;0
Bread - Raisin;0
Muffin Hinge Container 6;0
Temperature Recording Station;0
Dill - Primerba, Paste;0
Cinnamon Buns Sticky;0
Pail For Lid 1537;0
Milk Powder;0
Egg - Salad Premix;0
Apron;0
Shrimp - Black Tiger 8 - 12;0
Pepper - Jalapeno;0
Whmis - Spray Bottle Trigger;0
Crackers - Melba Toast;0
Crush - Grape, 355 Ml;0
Soup - Campbells - Tomato;0
Bread - Petit Baguette;0
Pastry - Banana Tea Loaf;0
Stock - Chicken, White;0
Vol Au Vents;0
Wine - White, Gewurtzraminer;0
Nut - Pecan, Halves;0
Orange Roughy 4/6 Oz;0
Smirnoff Green Apple Twist;0
Pork - Loin, Boneless;0
Beer - Blue;0
Wine - Prem Select Charddonany;0
Crackers - Trio;0
Milk 2% 500 Ml;0
Tray - Foam, Square 4 - S;0
Stock - Beef, Brown;0
Lobster - Baby, Boiled;0
Thyme - Fresh;0
Salt - Rock, Course;0
Bread - Calabrese Baguette;0
Cleaner - Pine Sol;0
Cheese Cloth No 60;0
Wine - Cotes Du Rhone Parallele;0
Soup - Boston Clam Chowder;0
Pate - Cognac;0
Island Oasis - Raspberry;0
Foam Tray S2;0
Beets - Golden;0
Juice - Pineapple, 48 Oz;0
Cookie Dough - Oatmeal Rasin;0
Fish - Soup Base, Bouillon;0
Tomatillo;0
Langers - Mango Nectar;0
Prunes - Pitted;0
Lidsoupcont Rp12dn;0
Ecolab - Hobart Upr Prewash Arm;0
Everfresh Products;0
Soap - Mr.clean Floor Soap;0
Pasta - Rotini, Colour, Dry;0
Cheese - Sheep Milk;0
Chocolate - Chips Compound;0
Crab - Meat;0
Lobster - Baby, Boiled;0
Sugar - Brown;0
Ranchero - Primerba, Paste;0
Onions - Vidalia;0
Chocolate - White;0
Mushroom - Enoki, Fresh;0
Salmon - Atlantic, No Skin;0
Bread - Raisin;0
Turkey - Oven Roast Breast;0
Cheese - Fontina;0
Wine - Red, Mouton Cadet;0
Sobe - Orange Carrot;0
Noodles - Steamed Chow Mein;0
Fish - Artic Char, Cold Smoked;0
Energy Drink Bawls;0
Petite Baguette;0
Mushroom - Portebello;0
Longos - Grilled Veg Sandwiches;0
Flounder - Fresh;0
Nut - Pistachio, Shelled;0
Wiberg Super Cure;0
Soupfoamcont12oz 112con;0
Phyllo Dough;0
Mahi Mahi;0
Bread - Roll, Whole Wheat;0
Bandage - Flexible Neon;0
Cheese - Cheddar, Old White;0
Tuna - Salad Premix;0
Bread - Rolls, Rye;0
Pepper - Orange;0
Grouper - Fresh;0
Oysters - Smoked;0
Turkey - Breast, Smoked;0
Steel Wool S.o.s;0
Pineapple - Canned, Rings;0
Pastry - Baked Scones - Mini;0
True - Vue Containers;0
Quail - Jumbo;0
Snapple Raspberry Tea;0
Ham Black Forest;0
Flavouring Vanilla Artificial;0
Rum - Cream, Amarula;0
Coffee Caramel Biscotti;0
Truffle Cups - Red;0
Coke - Classic, 355 Ml;0
Chicken - Tenderloin;0
Bag - Clear 7 Lb;0
Mix Pina Colada;0
Bar - Granola Trail Mix Fruit Nut;0
Bacardi Raspberry;0
Sauce - Salsa;0
Foil - Round Foil;0
Sprouts - Brussel;0
Island Oasis - Raspberry;0
Wine - Red, Concha Y Toro;0
Puree - Raspberry;0
Figs;0
Vinegar - Tarragon;0
Salmon - Canned;0
Bread - Multigrain;0
French Kiss Vanilla;0
Sultanas;0
Jello - Assorted;0
Beef - Texas Style Burger;0
Beer - Heinekin;0
Pesto - Primerba, Paste;0
Bay Leaf Fresh;0
Pepper - White, Ground;0
Mustard - Individual Pkg;0
Spice - Onion Powder Granulated;0
Pastry - Chocolate Marble Tea;0
Napkin - Beverge, White 2 - Ply;0
Island Oasis - Strawberry;0
Blackberries;0
Pepper - Green, Chili;0
Longos - Chicken Caeser Salad;0
Butter - Salted, Micro;0
Ham - Black Forest;0
Pepper - Yellow Bell;0
Cheese - Gouda;0
Spice - Greek 1 Step;0
Veal - Inside Round / Top, Lean;0
Pail For Lid 1537;0
V8 - Berry Blend;0
Daikon Radish;0
